{"payload":{"file_name":"/Users/nirtzur/Documents/projects/CellularPositioningResearch/run_pipeline.py","message_id":1},"type":"file_name"}
{"payload":{"additional_params":{"assetId":"18bfe6c48feb45dc9f4a27b58193f26c","context":null,"extension":"py","fileName":"/Users/nirtzur/Documents/projects/CellularPositioningResearch/.venv/lib/python3.12/site-packages/optuna_integration/comet/comet.py","overwrite":false,"runId":"dg9FayAotjBJrSxVshDifWzZG","step":null,"type":"source_code"},"clean":true,"file_path":"tmp_8jdp2ms","local_timestamp":1766796159155,"message_id":2,"metadata":{"source_code_type":"experiment_creation"},"upload_type":"source_code"},"type":"file_upload"}
{"payload":{"additional_params":{"assetId":"25f12fc12aed42329c8ac59b71b0c156","context":null,"extension":"py","fileName":"run_pipeline.py","overwrite":false,"runId":"dg9FayAotjBJrSxVshDifWzZG","step":null,"type":"source_code"},"clean":true,"file_path":"tmp5vnx323r","local_timestamp":1766796159155,"message_id":3,"metadata":{"source_code_type":"python_script_name"},"upload_type":"source_code"},"type":"file_upload"}
{"payload":{"installed_packages":["absl-py==2.3.1","addict==2.4.0","affine==2.4.0","aiohappyeyeballs==2.6.1","aiohttp==3.13.2","aiosignal==1.4.0","alembic==1.17.2","altair==6.0.0","annotated-types==0.7.0","anyio==4.12.0","appnope==0.1.4","argon2-cffi==25.1.0","argon2-cffi-bindings==25.1.0","arrow==1.4.0","asciitree==0.3.3","asttokens==3.0.1","astunparse==1.6.3","async-lru==2.0.5","attrs==25.4.0","babel==2.17.0","beautifulsoup4==4.14.3","black==25.12.0","bleach==6.3.0","blinker==1.9.0","branca==0.8.2","cachetools==6.2.4","certifi==2025.11.12","cffi==2.0.0","cfgv==3.5.0","charset-normalizer==3.4.4","click==8.3.1","click-plugins==1.1.1.2","cligj==0.7.2","colorlog==6.10.1","comet_ml==3.55.0","comm==0.2.3","configargparse==1.7.1","configobj==5.0.9","contourpy==1.3.3","coverage==7.13.0","cycler==0.12.1","dash==3.3.0","debugpy==1.8.19","decorator==5.2.1","defusedxml==0.7.1","deprecated==1.3.1","distlib==0.4.0","donfig==0.8.1.post1","drjit==1.2.0","dulwich==0.25.0","easydict==1.13","einops==0.8.1","everett==3.1.0","execnet==2.1.2","executing==2.2.1","fasteners==0.20","fastjsonschema==2.21.2","filelock==3.20.1","flake8==7.3.0","flask==3.1.2","flatbuffers==25.12.19","folium==0.20.0","fonttools==4.61.1","fqdn==1.5.1","frozenlist==1.8.0","fsspec==2025.12.0","gast==0.7.0","geopandas==1.1.2","gitdb==4.0.12","gitpython==3.1.45","google-crc32c==1.8.0","google-pasta==0.2.0","grpcio==1.76.0","h11==0.16.0","h5py==3.15.1","hf-xet==1.2.0","httpcore==1.0.9","httpx==0.28.1","huggingface_hub==1.2.3","identify==2.6.15","idna==3.11","importlib_metadata==8.7.1","importlib_resources==6.5.2","iniconfig==2.3.0","ipydatawidgets==4.3.5","ipykernel==7.1.0","ipython==9.8.0","ipython_pygments_lexers==1.1.1","ipywidgets==8.1.8","isoduration==20.11.0","isort==7.0.0","itsdangerous==2.2.0","jedi==0.19.2","jinja2==3.1.6","joblib==1.5.3","json5==0.12.1","jsonpointer==3.0.0","jsonschema==4.25.1","jsonschema-specifications==2025.9.1","jupyter==1.1.1","jupyter-console==6.6.3","jupyter-events==0.12.0","jupyter-lsp==2.3.0","jupyter_client==8.7.0","jupyter_core==5.9.1","jupyter_server==2.17.0","jupyter_server_terminals==0.5.3","jupyterlab==4.5.1","jupyterlab_pygments==0.3.0","jupyterlab_server==2.28.0","jupyterlab_widgets==3.0.16","keras==3.13.0","kiwisolver==1.4.9","lark==1.3.1","laspy==2.6.1","lazrs==0.7.0","libclang==18.1.1","librt==0.7.5","lightning==2.6.0","lightning-utilities==0.15.2","mako==1.3.10","markdown==3.10","markdown-it-py==4.0.0","markupsafe==3.0.3","matplotlib==3.10.8","matplotlib-inline==0.2.1","mccabe==0.7.0","mdurl==0.1.2","mistune==3.2.0","mitsuba==3.7.1","ml-dtypes==0.3.2","mpmath==1.3.0","multidict==6.7.0","mypy==1.19.1","mypy_extensions==1.1.0","namex==0.1.0","narwhals==2.14.0","nbclient==0.10.4","nbconvert==7.16.6","nbformat==5.10.4","nest-asyncio==1.6.0","networkx==3.6.1","nodeenv==1.10.0","notebook==7.5.1","notebook_shim==0.2.4","numcodecs==0.15.1","numpy==1.26.4","open3d==0.19.0","opencv-python==4.10.0.84","opt_einsum==3.4.0","optree==0.18.0","optuna==4.6.0","optuna-integration==4.6.0","osmnx==2.0.7","packaging==25.0","pandas==2.3.3","pandocfilters==1.5.1","parso==0.8.5","pathspec==0.12.1","pexpect==4.9.0","pillow==12.0.0","pip==25.1.1","platformdirs==4.5.1","plotly==6.5.0","pluggy==1.6.0","pooch==1.8.2","pre_commit==4.5.1","prometheus_client==0.23.1","prompt_toolkit==3.0.52","propcache==0.4.1","protobuf==4.25.8","psutil==7.2.0","ptyprocess==0.7.0","pure_eval==0.2.3","pyarrow==22.0.0","pycodestyle==2.14.0","pycparser==2.23","pydantic==2.12.5","pydantic_core==2.41.5","pydeck==0.9.1","pyflakes==3.4.0","pygments==2.19.2","pyogrio==0.12.1","pyparsing==3.3.1","pyproj==3.7.2","pyquaternion==0.9.9","pytest==9.0.2","pytest-cov==7.0.0","pytest-html==4.1.1","pytest-metadata==3.1.1","pytest-sugar==1.1.1","pytest-timeout==2.4.0","pytest-xdist==3.8.0","python-box==6.1.0","python-dateutil==2.9.0.post0","python-dotenv==1.2.1","python-json-logger==4.0.0","pythreejs==2.4.2","pytokens==0.3.0","pytorch-lightning==2.6.0","pytz==2025.2","pyvista==0.46.4","pyyaml==6.0.3","pyzmq==27.1.0","rasterio==1.4.4","referencing==0.37.0","reportlab==4.4.7","requests==2.32.5","requests-toolbelt==1.0.0","retrying==1.4.2","rfc3339-validator==0.1.4","rfc3986-validator==0.1.1","rfc3987-syntax==1.1.0","rich==14.2.0","rpds-py==0.30.0","safetensors==0.7.0","scikit-learn==1.8.0","scipy==1.16.3","scooby==0.11.0","seaborn==0.13.2","semantic-version==2.10.0","send2trash==1.8.3","sentry-sdk==2.48.0","setuptools==80.9.0","shapely==2.1.2","shellingham==1.5.4","simplejson==3.20.2","sionna==1.2.1","sionna-rt==1.2.1","six==1.17.0","smmap==5.0.2","soupsieve==2.8.1","sqlalchemy==2.0.45","stack-data==0.6.3","streamlit==1.52.2","streamlit-folium==0.25.3","sympy==1.14.0","tenacity==9.1.2","tensorboard==2.16.2","tensorboard-data-server==0.7.2","tensorflow==2.16.2","tensorflow-macos==2.16.2","tensorflow-metal==1.2.0","termcolor==3.2.0","terminado==0.18.1","threadpoolctl==3.6.0","timm==1.0.22","tinycss2==1.4.0","toml==0.10.2","torch==2.9.1","torchmetrics==1.8.2","torchvision==0.24.1","tornado==6.5.4","tqdm==4.67.1","traitlets==5.14.3","traittypes==0.2.3","triangle==20250106","trimesh==4.10.1","typer-slim==0.20.1","typing-inspection==0.4.2","typing_extensions==4.15.0","tzdata==2025.3","uri-template==1.3.0","urllib3==2.6.2","virtualenv==20.35.4","vtk==9.5.2","wandb==0.23.1","wcwidth==0.2.14","webcolors==25.10.0","webencodings==0.5.1","websocket-client==1.9.0","werkzeug==3.1.4","wheel==0.45.1","widgetsnbextension==4.0.15","wrapt==2.0.1","wurlitzer==3.1.1","xarray==2025.12.0","xyzservices==2025.11.0","yarl==1.22.0","zarr==2.18.7","zipp==3.23.0"],"message_id":4},"type":"installed_packages"}
{"payload":{"command":["run_pipeline.py","--scene-config","configs/scene_generation/scene_generation.yaml","--data-config","configs/data_generation/data_generation_sionna.yaml","--optimize","--n-trials","10","--study-name","ue-localization-20251227_021048","--eval-dataset","data/processed/sionna_dataset_eval/dataset_eval.zarr","--run-name","multi_city_optuna_20251227_021048","--clean"],"env":null,"hostname":"nirs-MacBook-Pro.local","ip":"10.0.0.101","machine":"arm64","message_id":5,"os":"macOS-26.3-arm64-arm-64bit","os_release":"25.3.0","os_type":"Darwin","pid":89243,"processor":"arm","python_exe":"/Users/nirtzur/Documents/projects/CellularPositioningResearch/.venv/bin/python","python_version":"3.12.6","python_version_verbose":"3.12.6 (v3.12.6:a4a2d2b0d85, Sep  6 2024, 16:08:03) [Clang 13.0.0 (clang-1300.0.29.30)]","user":"nirtzur"},"type":"system_details"}
{"payload":{"local_timestamp":1766796159176,"message_id":6,"param":{"paramName":"scene-config","paramValue":"configs/scene_generation/scene_generation.yaml","source":"cli","step":null}},"type":"parameter_msg"}
{"payload":{"local_timestamp":1766796159176,"message_id":7,"param":{"paramName":"data-config","paramValue":"configs/data_generation/data_generation_sionna.yaml","source":"cli","step":null}},"type":"parameter_msg"}
{"payload":{"local_timestamp":1766796159176,"message_id":8,"param":{"paramName":"optimize","paramValue":true,"source":"cli","step":null}},"type":"parameter_msg"}
{"payload":{"local_timestamp":1766796159176,"message_id":9,"param":{"paramName":"n-trials","paramValue":10,"source":"cli","step":null}},"type":"parameter_msg"}
{"payload":{"local_timestamp":1766796159176,"message_id":10,"param":{"paramName":"study-name","paramValue":"ue-localization-20251227_021048","source":"cli","step":null}},"type":"parameter_msg"}
{"payload":{"local_timestamp":1766796159176,"message_id":11,"param":{"paramName":"eval-dataset","paramValue":"data/processed/sionna_dataset_eval/dataset_eval.zarr","source":"cli","step":null}},"type":"parameter_msg"}
{"payload":{"local_timestamp":1766796159176,"message_id":12,"param":{"paramName":"run-name","paramValue":"multi_city_optuna_20251227_021048","source":"cli","step":null}},"type":"parameter_msg"}
{"payload":{"local_timestamp":1766796159176,"message_id":13,"param":{"paramName":"clean","paramValue":true,"source":"cli","step":null}},"type":"parameter_msg"}
{"payload":{"local_timestamp":1766796159178,"message_id":14,"output":"\u001b[1;38;5;39mCOMET INFO:\u001b[0m Experiment is live on comet.com \u001b[38;5;39mhttps://www.comet.com/nirtzur0/ue-localization-20251227-021048/b411938858004d45b1b301f209ea08ea\u001b[0m\n\n","stderr":true},"type":"standard_output"}
{"payload":{"git_metadata":{"branch":"refs/heads/master","origin":"https://github.com/Nirtzur0/CellularPositioningResearch.git","parent":"bf050c4392e2687d1984e88351b21fcac93baaec","repo_name":"CellularPositioningResearch","root":"8d5fd0ff482c5d2d90320a4a63dc08e7356f437b","status":null,"user":"nirtzur"},"message_id":15},"type":"git_metadata"}
{"payload":{"additional_params":null,"clean":true,"file_path":"tmpcdf__gg_..zip","local_timestamp":1766796159233,"message_id":16,"metadata":{},"upload_type":"git-patch"},"type":"file_upload"}
{"payload":{"key":"optuna_study_name","message_id":17,"value":"ue-localization-20251227_021048"},"type":"log_other"}
{"payload":{"local_timestamp":1766796159479,"message_id":18,"metric":{"epoch":null,"metricName":"sys.cpu.percent.avg","metricValue":0.0,"step":null}},"type":"metric_msg"}
{"payload":{"local_timestamp":1766796159479,"message_id":19,"metric":{"epoch":null,"metricName":"sys.compute.overall","metricValue":0.0,"step":null}},"type":"metric_msg"}
{"payload":{"local_timestamp":1766796159479,"message_id":20,"metric":{"epoch":null,"metricName":"sys.compute.utilized","metricValue":12.4,"step":null}},"type":"metric_msg"}
{"payload":{"local_timestamp":1766796159479,"message_id":21,"metric":{"epoch":null,"metricName":"sys.ram.total","metricValue":25769803776,"step":null}},"type":"metric_msg"}
{"payload":{"local_timestamp":1766796159479,"message_id":22,"metric":{"epoch":null,"metricName":"sys.ram.used","metricValue":21324562432,"step":null}},"type":"metric_msg"}
{"payload":{"local_timestamp":1766796159479,"message_id":23,"metric":{"epoch":null,"metricName":"sys.ram.available","metricValue":4445241344,"step":null}},"type":"metric_msg"}
{"payload":{"local_timestamp":1766796159479,"message_id":24,"metric":{"epoch":null,"metricName":"sys.ram.percent.used","metricValue":82.8,"step":null}},"type":"metric_msg"}
{"payload":{"local_timestamp":1766796159479,"message_id":25,"metric":{"epoch":null,"metricName":"sys.load.avg","metricValue":6.62841796875,"step":null}},"type":"metric_msg"}
{"payload":{"local_timestamp":1766796159686,"message_id":26,"metric":{"epoch":null,"metricName":"sys.disk.root.used","metricValue":12269498368,"step":null}},"type":"metric_msg"}
{"payload":{"local_timestamp":1766796159686,"message_id":27,"metric":{"epoch":null,"metricName":"sys.disk.root.percent.used","metricValue":4.6,"step":null}},"type":"metric_msg"}
{"payload":{"local_timestamp":1766796159933,"message_id":28,"param":{"paramName":"batch_size","paramValue":64,"source":"manual","step":null}},"type":"parameter_msg"}
{"payload":{"local_timestamp":1766796159933,"message_id":29,"param":{"paramName":"fusion_d_fusion","paramValue":512,"source":"manual","step":null}},"type":"parameter_msg"}
{"payload":{"local_timestamp":1766796159933,"message_id":30,"param":{"paramName":"fusion_dropout","paramValue":0.25220998612279866,"source":"manual","step":null}},"type":"parameter_msg"}
{"payload":{"local_timestamp":1766796159933,"message_id":31,"param":{"paramName":"fusion_nhead","paramValue":4,"source":"manual","step":null}},"type":"parameter_msg"}
{"payload":{"local_timestamp":1766796159933,"message_id":32,"param":{"paramName":"learning_rate","paramValue":7.274522192464238e-05,"source":"manual","step":null}},"type":"parameter_msg"}
{"payload":{"local_timestamp":1766796159933,"message_id":33,"param":{"paramName":"map_d_model","paramValue":256,"source":"manual","step":null}},"type":"parameter_msg"}
{"payload":{"local_timestamp":1766796159933,"message_id":34,"param":{"paramName":"map_dropout","paramValue":0.16387459337427526,"source":"manual","step":null}},"type":"parameter_msg"}
{"payload":{"local_timestamp":1766796159933,"message_id":35,"param":{"paramName":"map_nhead","paramValue":4,"source":"manual","step":null}},"type":"parameter_msg"}
{"payload":{"local_timestamp":1766796159933,"message_id":36,"param":{"paramName":"map_num_layers","paramValue":6,"source":"manual","step":null}},"type":"parameter_msg"}
{"payload":{"local_timestamp":1766796159933,"message_id":37,"param":{"paramName":"map_patch_size","paramValue":8,"source":"manual","step":null}},"type":"parameter_msg"}
{"payload":{"local_timestamp":1766796159933,"message_id":38,"param":{"paramName":"radio_d_model","paramValue":128,"source":"manual","step":null}},"type":"parameter_msg"}
{"payload":{"local_timestamp":1766796159933,"message_id":39,"param":{"paramName":"radio_dropout","paramValue":0.176879438784707,"source":"manual","step":null}},"type":"parameter_msg"}
{"payload":{"local_timestamp":1766796159933,"message_id":40,"param":{"paramName":"radio_nhead","paramValue":4,"source":"manual","step":null}},"type":"parameter_msg"}
{"payload":{"local_timestamp":1766796159933,"message_id":41,"param":{"paramName":"radio_num_layers","paramValue":5,"source":"manual","step":null}},"type":"parameter_msg"}
{"payload":{"local_timestamp":1766796159933,"message_id":42,"param":{"paramName":"warmup_steps","paramValue":1000,"source":"manual","step":null}},"type":"parameter_msg"}
{"payload":{"local_timestamp":1766796159933,"message_id":43,"param":{"paramName":"weight_decay","paramValue":0.0023675463860023285,"source":"manual","step":null}},"type":"parameter_msg"}
{"payload":{"key":"trial_number","message_id":44,"value":0},"type":"log_other"}
{"payload":{"key":"optimizer_id","message_id":45,"value":"ue-localization-20251227_021048"},"type":"log_other"}
{"payload":{"key":"optimizer_metric","message_id":46,"value":"val_median_error"},"type":"log_other"}
{"payload":{"key":"optimizer_objective","message_id":47,"value":1},"type":"log_other"}
{"payload":{"key":"optimizer_parameters","message_id":48,"value":"{\"radio_d_model\": 128, \"radio_nhead\": 4, \"radio_num_layers\": 5, \"radio_dropout\": 0.176879438784707, \"map_d_model\": 256, \"map_nhead\": 4, \"map_num_layers\": 6, \"map_dropout\": 0.16387459337427526, \"map_patch_size\": 8, \"fusion_d_fusion\": 512, \"fusion_nhead\": 4, \"fusion_dropout\": 0.25220998612279866, \"learning_rate\": 7.274522192464238e-05, \"batch_size\": 64, \"weight_decay\": 0.0023675463860023285, \"warmup_steps\": 1000}"},"type":"log_other"}
{"payload":{"local_timestamp":1766796160471,"message_id":49,"output":"\u001b[1;38;5;39mCOMET INFO:\u001b[0m ---------------------------------------------------------------------------------------\n","stderr":true},"type":"standard_output"}
{"payload":{"local_timestamp":1766796160471,"message_id":50,"output":"\u001b[1;38;5;39mCOMET INFO:\u001b[0m Comet.ml Experiment Summary\n","stderr":true},"type":"standard_output"}
{"payload":{"local_timestamp":1766796160471,"message_id":51,"output":"\u001b[1;38;5;39mCOMET INFO:\u001b[0m ---------------------------------------------------------------------------------------\n","stderr":true},"type":"standard_output"}
{"payload":{"local_timestamp":1766796160471,"message_id":52,"output":"\u001b[1;38;5;39mCOMET INFO:\u001b[0m   Data:\n","stderr":true},"type":"standard_output"}
{"payload":{"local_timestamp":1766796160471,"message_id":53,"output":"\u001b[1;38;5;39mCOMET INFO:\u001b[0m     display_summary_level : 1\n","stderr":true},"type":"standard_output"}
{"payload":{"local_timestamp":1766796160471,"message_id":54,"output":"\u001b[1;38;5;39mCOMET INFO:\u001b[0m     name                  : likely_grasshopper_8174\n","stderr":true},"type":"standard_output"}
{"payload":{"local_timestamp":1766796160471,"message_id":55,"output":"\u001b[1;38;5;39mCOMET INFO:\u001b[0m     url                   : \u001b[38;5;39mhttps://www.comet.com/nirtzur0/ue-localization-20251227-021048/b411938858004d45b1b301f209ea08ea\u001b[0m\n","stderr":true},"type":"standard_output"}
{"payload":{"local_timestamp":1766796160471,"message_id":56,"output":"\u001b[1;38;5;39mCOMET INFO:\u001b[0m   Others:\n","stderr":true},"type":"standard_output"}
{"payload":{"local_timestamp":1766796160471,"message_id":57,"output":"\u001b[1;38;5;39mCOMET INFO:\u001b[0m     optimizer_id         : ue-localization-20251227_021048\n","stderr":true},"type":"standard_output"}
{"payload":{"local_timestamp":1766796160471,"message_id":58,"output":"\u001b[1;38;5;39mCOMET INFO:\u001b[0m     optimizer_metric     : val_median_error\n","stderr":true},"type":"standard_output"}
{"payload":{"local_timestamp":1766796160471,"message_id":59,"output":"\u001b[1;38;5;39mCOMET INFO:\u001b[0m     optimizer_objective  : 1\n","stderr":true},"type":"standard_output"}
{"payload":{"local_timestamp":1766796160471,"message_id":60,"output":"\u001b[1;38;5;39mCOMET INFO:\u001b[0m     optimizer_parameters : {\"radio_d_model\": 128, \"radio_nhead\": 4, \"radio_num_layers\": 5, \"radio_dropout\": 0.176879438784707, \"map_d_model\": 256, \"map_nhead\": 4, \"map_num_layers\": 6, \"map_dropout\": 0.16387459337427526, \"map_patch_size\": 8, \"fusion_d_fusion\": 512, \"fusion_nhead\": 4, \"fusion_dropout\": 0.25220998612279866, \"learning_rate\": 7.274522192464238e-05, \"batch_size\": 64, \"weight_decay\": 0.0023675463860023285, \"warmup_steps\": 1000}\n","stderr":true},"type":"standard_output"}
{"payload":{"local_timestamp":1766796160471,"message_id":61,"output":"\u001b[1;38;5;39mCOMET INFO:\u001b[0m     optuna_study_name    : ue-localization-20251227_021048\n","stderr":true},"type":"standard_output"}
{"payload":{"local_timestamp":1766796160471,"message_id":62,"output":"\u001b[1;38;5;39mCOMET INFO:\u001b[0m     trial_number         : 0\n","stderr":true},"type":"standard_output"}
{"payload":{"local_timestamp":1766796160471,"message_id":63,"output":"\u001b[1;38;5;39mCOMET INFO:\u001b[0m   Parameters:\n","stderr":true},"type":"standard_output"}
{"payload":{"local_timestamp":1766796160471,"message_id":64,"output":"\u001b[1;38;5;39mCOMET INFO:\u001b[0m     batch_size       : 64\n","stderr":true},"type":"standard_output"}
{"payload":{"local_timestamp":1766796160471,"message_id":65,"output":"\u001b[1;38;5;39mCOMET INFO:\u001b[0m     fusion_d_fusion  : 512\n","stderr":true},"type":"standard_output"}
{"payload":{"local_timestamp":1766796160471,"message_id":66,"output":"\u001b[1;38;5;39mCOMET INFO:\u001b[0m     fusion_dropout   : 0.25220998612279866\n","stderr":true},"type":"standard_output"}
{"payload":{"local_timestamp":1766796160471,"message_id":67,"output":"\u001b[1;38;5;39mCOMET INFO:\u001b[0m     fusion_nhead     : 4\n","stderr":true},"type":"standard_output"}
{"payload":{"local_timestamp":1766796160472,"message_id":68,"output":"\u001b[1;38;5;39mCOMET INFO:\u001b[0m     learning_rate    : 7.274522192464238e-05\n","stderr":true},"type":"standard_output"}
{"payload":{"local_timestamp":1766796160472,"message_id":69,"output":"\u001b[1;38;5;39mCOMET INFO:\u001b[0m     map_d_model      : 256\n","stderr":true},"type":"standard_output"}
{"payload":{"local_timestamp":1766796160472,"message_id":70,"output":"\u001b[1;38;5;39mCOMET INFO:\u001b[0m     map_dropout      : 0.16387459337427526\n","stderr":true},"type":"standard_output"}
{"payload":{"local_timestamp":1766796160472,"message_id":71,"output":"\u001b[1;38;5;39mCOMET INFO:\u001b[0m     map_nhead        : 4\n","stderr":true},"type":"standard_output"}
{"payload":{"local_timestamp":1766796160472,"message_id":72,"output":"\u001b[1;38;5;39mCOMET INFO:\u001b[0m     map_num_layers   : 6\n","stderr":true},"type":"standard_output"}
{"payload":{"local_timestamp":1766796160472,"message_id":73,"output":"\u001b[1;38;5;39mCOMET INFO:\u001b[0m     map_patch_size   : 8\n","stderr":true},"type":"standard_output"}
{"payload":{"local_timestamp":1766796160472,"message_id":74,"output":"\u001b[1;38;5;39mCOMET INFO:\u001b[0m     radio_d_model    : 128\n","stderr":true},"type":"standard_output"}
{"payload":{"local_timestamp":1766796160472,"message_id":75,"output":"\u001b[1;38;5;39mCOMET INFO:\u001b[0m     radio_dropout    : 0.176879438784707\n","stderr":true},"type":"standard_output"}
{"payload":{"local_timestamp":1766796160472,"message_id":76,"output":"\u001b[1;38;5;39mCOMET INFO:\u001b[0m     radio_nhead      : 4\n","stderr":true},"type":"standard_output"}
{"payload":{"local_timestamp":1766796160472,"message_id":77,"output":"\u001b[1;38;5;39mCOMET INFO:\u001b[0m     radio_num_layers : 5\n","stderr":true},"type":"standard_output"}
{"payload":{"local_timestamp":1766796160472,"message_id":78,"output":"\u001b[1;38;5;39mCOMET INFO:\u001b[0m     warmup_steps     : 1000\n","stderr":true},"type":"standard_output"}
{"payload":{"local_timestamp":1766796160472,"message_id":79,"output":"\u001b[1;38;5;39mCOMET INFO:\u001b[0m     weight_decay     : 0.0023675463860023285\n","stderr":true},"type":"standard_output"}
{"payload":{"local_timestamp":1766796160472,"message_id":80,"output":"\u001b[1;38;5;39mCOMET INFO:\u001b[0m   Uploads:\n","stderr":true},"type":"standard_output"}
{"payload":{"local_timestamp":1766796160472,"message_id":81,"output":"\u001b[1;38;5;39mCOMET INFO:\u001b[0m     environment details      : 1\n","stderr":true},"type":"standard_output"}
{"payload":{"local_timestamp":1766796160472,"message_id":82,"output":"\u001b[1;38;5;39mCOMET INFO:\u001b[0m     filename                 : 1\n","stderr":true},"type":"standard_output"}
{"payload":{"local_timestamp":1766796160472,"message_id":83,"output":"\u001b[1;38;5;39mCOMET INFO:\u001b[0m     git metadata             : 1\n","stderr":true},"type":"standard_output"}
{"payload":{"local_timestamp":1766796160472,"message_id":84,"output":"\u001b[1;38;5;39mCOMET INFO:\u001b[0m     git-patch (uncompressed) : 1 (33.19 KB)\n","stderr":true},"type":"standard_output"}
{"payload":{"local_timestamp":1766796160472,"message_id":85,"output":"\u001b[1;38;5;39mCOMET INFO:\u001b[0m     installed packages       : 1\n","stderr":true},"type":"standard_output"}
{"payload":{"local_timestamp":1766796160472,"message_id":86,"output":"\u001b[1;38;5;39mCOMET INFO:\u001b[0m     source_code              : 2 (30.76 KB)\n","stderr":true},"type":"standard_output"}
{"payload":{"local_timestamp":1766796160472,"message_id":87,"output":"\u001b[1;38;5;39mCOMET INFO:\u001b[0m \n","stderr":true},"type":"standard_output"}
{"payload":{"local_timestamp":1766796168727,"message_id":88,"output":"\u001b[1;36m2025\u001b[0m-\u001b[1;36m12\u001b[0m-\u001b[1;36m27\u001b[0m \u001b[1;92m02:42:48\u001b[0m,\u001b[1;36m724\u001b[0m - urllib3.connectionpool - WARNING - Retrying \u001b[1m(\u001b[0m\u001b[1;35mRetry\u001b[0m\u001b[1m(\u001b[0m\u001b[33mtotal\u001b[0m=\u001b[1;36m2\u001b[0m, \u001b[33mconnect\u001b[0m=\u001b[3;35mNone\u001b[0m,       \n\u001b[33mread\u001b[0m=\u001b[3;35mNone\u001b[0m, \u001b[33mredirect\u001b[0m=\u001b[3;35mNone\u001b[0m, \u001b[33mstatus\u001b[0m=\u001b[3;35mNone\u001b[0m\u001b[1m)\u001b[0m\u001b[1m)\u001b[0m after connection broken by                                        \n\u001b[32m'NameResolutionError\u001b[0m\u001b[32m(\u001b[0m\u001b[32m\"HTTPSConnection\u001b[0m\u001b[32m(\u001b[0m\u001b[32mhost\u001b[0m\u001b[32m='\u001b[0mwww.comet.com', \u001b[33mport\u001b[0m=\u001b[1;36m443\u001b[0m\u001b[1m)\u001b[0m: Failed to resolve \u001b[32m'www.comet.com'\u001b[0m  \n\u001b[1m(\u001b[0m\u001b[1m[\u001b[0mErrno \u001b[1;36m8\u001b[0m\u001b[1m]\u001b[0m nodename nor servname provided, or not known\u001b[1m)\u001b[0m\"\u001b[1m)\u001b[0m': \u001b[35m/clientlib/status-report/\u001b[0m\u001b[95mupdate\u001b[0m              \n","stderr":false},"type":"standard_output"}
{"payload":{"local_timestamp":1766796170364,"message_id":89,"output":"\u001b[1;36m2025\u001b[0m-\u001b[1;36m12\u001b[0m-\u001b[1;36m27\u001b[0m \u001b[1;92m02:42:50\u001b[0m,\u001b[1;36m361\u001b[0m - urllib3.connectionpool - WARNING - Retrying \u001b[1m(\u001b[0m\u001b[1;35mRetry\u001b[0m\u001b[1m(\u001b[0m\u001b[33mtotal\u001b[0m=\u001b[1;36m2\u001b[0m, \u001b[33mconnect\u001b[0m=\u001b[3;35mNone\u001b[0m,       \n\u001b[33mread\u001b[0m=\u001b[3;35mNone\u001b[0m, \u001b[33mredirect\u001b[0m=\u001b[3;35mNone\u001b[0m, \u001b[33mstatus\u001b[0m=\u001b[3;35mNone\u001b[0m\u001b[1m)\u001b[0m\u001b[1m)\u001b[0m after connection broken by                                        \n\u001b[32m'ReadTimeoutError\u001b[0m\u001b[32m(\u001b[0m\u001b[32m\"HTTPSConnectionPool\u001b[0m\u001b[32m(\u001b[0m\u001b[32mhost\u001b[0m\u001b[32m='\u001b[0mwww.comet.com', \u001b[33mport\u001b[0m=\u001b[1;36m443\u001b[0m\u001b[1m)\u001b[0m: Read timed out. \u001b[1m(\u001b[0mread             \n\u001b[33mtimeout\u001b[0m=\u001b[1;36m10\u001b[0m\u001b[1m)\u001b[0m\"\u001b[1m)\u001b[0m': \u001b[35m/clientlib/batch/logger/experiment/\u001b[0m\u001b[95mparameter\u001b[0m                                              \n","stderr":false},"type":"standard_output"}
{"payload":{"local_timestamp":1766796170475,"message_id":90,"output":"\u001b[1;38;5;196mCOMET ERROR:\u001b[0m Error sending a notification, make sure you have opted-in for notifications. Failure: HTTPSConnectionPool(host='www.comet.com', port=443): Read timed out. (read timeout=10)\n","stderr":true},"type":"standard_output"}
{"payload":{"local_timestamp":1766796172041,"message_id":91,"output":"\u001b[1;38;5;214mCOMET WARNING:\u001b[0m To get all data logged automatically, import comet_ml before the following modules: torch.\n","stderr":true},"type":"standard_output"}
{"payload":{"key":"sys.already_imported_modules","message_id":92,"value":"[\"torch\"]"},"type":"log_other"}
{"payload":{"local_timestamp":1766796172221,"message_id":93,"metric":{"epoch":null,"metricName":"process duration","metricValue":17,"step":null}},"type":"metric_msg"}
